INSERT INTO ASIENTOS VALUES (1,"a","F");
INSERT INTO ASIENTOS VALUES (2,"a","F");
INSERT INTO ASIENTOS VALUES (8,"a","P");
INSERT INTO ASIENTOS VALUES (6,"a","P");
INSERT INTO ASIENTOS VALUES (5,"a","B");
INSERT INTO ASIENTOS VALUES (4,"a","B");
INSERT INTO ASIENTOS VALUES (10,"a","P");
INSERT INTO ASIENTOS VALUES (11,"a","E");

INSERT INTO PASAJEROS VALUES ("1235678A","Pedro","Martinez","Martinaz");
INSERT INTO PASAJEROS VALUES ("8765432N","Antonio","Martinez","Lopez");
INSERT INTO PASAJEROS VALUES ("5258135F","Ana","Lopez","Lopez");
INSERT INTO PASAJEROS VALUES ("6843697G","Laura","Fernandez","Morales");
INSERT INTO PASAJEROS VALUES ("9685741H","Pablo","Navarro","Jurado");

INSERT INTO RESERVA (DNI,CodAsiento,LetraAsiento,Precio) VALUES ("9685741H",1,"a",100.3);
INSERT INTO RESERVA (DNI,CodAsiento,LetraAsiento,Precio) VALUES ("6843697G",8,"a",50.50);
INSERT INTO RESERVA (DNI,CodAsiento,LetraAsiento,Precio) VALUES ("5258135F",11,"a",30.3);
INSERT INTO RESERVA (DNI,CodAsiento,LetraAsiento,Precio) VALUES ("8765432N",4,"a",80.36);
INSERT INTO RESERVA (DNI,CodAsiento,LetraAsiento,Precio) VALUES ("1235678A",5,"a",80.63);

INSERT INTO AEROPUERTO VALUES ("GCLA","La Palma","La Palma Airport","España");
INSERT INTO AEROPUERTO VALUES ("LEMD","Madrid","Madrid Barajas Airport","España");
INSERT INTO AEROPUERTO VALUES ("LEMG","Malaga","Malaga Airport","España");
INSERT INTO AEROPUERTO VALUES ("EDDL","Dusseldorf","Dusseldorf Airport ","Alemania");
INSERT INTO AEROPUERTO VALUES ("LFML","Marsella","Marsella Airport ","Francia");

INSERT INTO TERMINALES VALUES (1,"LEMD");
INSERT INTO TERMINALES VALUES (2,"LEMD");
INSERT INTO TERMINALES VALUES (3,"LEMD");
INSERT INTO TERMINALES VALUES (4,"LEMD");

INSERT INTO TERMINALES VALUES (1,"LFML");
INSERT INTO TERMINALES VALUES (2,"LFML");
INSERT INTO TERMINALES VALUES (3,"LFML");
INSERT INTO TERMINALES VALUES (4,"LFML");
INSERT INTO TERMINALES VALUES (5,"LFML");

INSERT INTO TERMINALES VALUES (1,"LEMG");
INSERT INTO TERMINALES VALUES (2,"LEMG");
INSERT INTO TERMINALES VALUES (3,"LEMG");

INSERT INTO TERMINALES VALUES (1,"GCLA");

INSERT INTO TERMINALES VALUES (1,"EDDL");
INSERT INTO TERMINALES VALUES (2,"EDDL");


INSERT INTO COMPANYIA (CodCompanyia, Nombre) VALUES ("RPB","AEROREPUBLICA");
INSERT INTO COMPANYIA (CodCompanyia, Nombre) VALUES ("PVG","PRIVILEGE");
INSERT INTO COMPANYIA (CodCompanyia, Nombre) VALUES ("AWW","RED DRAGON");
INSERT INTO COMPANYIA (CodCompanyia, Nombre) VALUES ("RYN","RYANAIR");
INSERT INTO COMPANYIA (CodCompanyia, Nombre) VALUES ("VVC","VIVA COLOMBIA");

INSERT INTO VUELO VALUES (105,'2011-11-11',"RYN",4,"LEMD",1,"GCLA",'Past Flight');
INSERT INTO VUELO VALUES (105,'2011-11-11',"VVC",4,"LEMD",1,"GCLA",'Past Flight');
INSERT INTO VUELO VALUES (15,'2020-11-11',"AWW",4,"LEMD",2,"EDDL",'Lande');
INSERT INTO VUELO VALUES (5,'2020-02-11',"PVG",4,"LEMD",1,"LEMG",'Lande');
INSERT INTO VUELO VALUES (115,'2011-11-20',"RYN",2,"LFML",1,"GCLA",'In Air');

INSERT INTO RESERVA_VUELOS VALUES (1,105,'2011-11-11',"RYN");
INSERT INTO RESERVA_VUELOS VALUES (2,115,'2011-11-20',"RYN");
INSERT INTO RESERVA_VUELOS VALUES (3,105,'2011-11-11',"VVC");
INSERT INTO RESERVA_VUELOS VALUES (4,115,'2011-11-20',"RYN");
INSERT INTO RESERVA_VUELOS VALUES (5,105,'2011-11-11',"RYN");

UPDATE RESERVA_VUELOS SET CodCompanyia="RYN" WHERE (Localizador=1 AND CodVuelo=105) OR CodCompanyia="AWW";
UPDATE TERMINALES    SET CodOACI="ANA" WHERE CodOACI="VVC";
UPDATE ASIENTOS SET LetraAsiento="b"WHERE CodAsiento=6 AND LetraAsiento="a";
DELETE FROM ASIENTOS WHERE LetraAsiento="a" AND CodAsiento="6";
DELETE FROM ASIENTOS WHERE LetraAsiento="b";
DELETE FROM TERMINALES WHERE Numero=5 AND CodOACI="LFML";